accession,ari_vs_original_k3
GSE54514,0.8389612063410233
GSE134347,0.8874262595547653
GSE65682,0.9218943604814084
GSE32707,0.9314361719244424
GSE154918,0.9400965246283316
GSE28750,1.0
GSE69063,1.0
